1, org.couchdb.user:s-br-01-c-01, s-br-01-c-01, c1M8lNdh 
2, org.couchdb.user:s-br-01-c-02, s-br-01-c-02, 8nEDU7Rn 
3, org.couchdb.user:s-br-01-c-03, s-br-01-c-03, 28FNrxHP 
4, org.couchdb.user:s-br-01-c-04, s-br-01-c-04, 8TdjKsia 
5, org.couchdb.user:s-br-01-c-05, s-br-01-c-05, uIUoYoy9 
6, org.couchdb.user:s-br-01-c-06, s-br-01-c-06, BX6LsJov 
7, org.couchdb.user:s-br-01-c-07, s-br-01-c-07, g7Uwz1Ac 
8, org.couchdb.user:s-br-01-c-08, s-br-01-c-08, uo5ueyOl 
9, org.couchdb.user:s-br-01-c-09, s-br-01-c-09, a4L3DIXt 
10, org.couchdb.user:s-br-01-c-10, s-br-01-c-10, 2GADLiF1 
11, org.couchdb.user:s-br-01-c-11, s-br-01-c-11, AAl21qVp 
12, org.couchdb.user:s-br-01-c-12, s-br-01-c-12, wlNOu1Jf 
13, org.couchdb.user:s-br-01-c-13, s-br-01-c-13, 1b0IchOP 
14, org.couchdb.user:s-br-01-c-14, s-br-01-c-14, fvGCM9GL 
15, org.couchdb.user:s-br-01-c-15, s-br-01-c-15, C9s4prO7 
16, org.couchdb.user:s-br-01-c-16, s-br-01-c-16, 33T9dHiG 
17, org.couchdb.user:s-br-01-c-17, s-br-01-c-17, Kph85gGN 
18, org.couchdb.user:s-br-01-c-18, s-br-01-c-18, nAT6plt2 
19, org.couchdb.user:s-br-01-c-19, s-br-01-c-19, dMvCdi3H 
20, org.couchdb.user:s-br-01-c-20, s-br-01-c-20, vM2vpbnx 
21, org.couchdb.user:w-br-01-c-01, w-br-01-c-01, RRvEIn8S 
22, org.couchdb.user:w-br-01-c-02, w-br-01-c-02, icJLG9v8 
23, org.couchdb.user:w-br-01-c-03, w-br-01-c-03, 4NdIYRhk 
24, org.couchdb.user:w-br-01-c-04, w-br-01-c-04, iOuogq6z 
25, org.couchdb.user:w-br-01-c-05, w-br-01-c-05, eD7InBbi 
26, org.couchdb.user:w-br-01-c-06, w-br-01-c-06, bEmF7pPa 
27, org.couchdb.user:w-br-01-c-07, w-br-01-c-07, JGKHx7GN 
28, org.couchdb.user:w-br-01-c-08, w-br-01-c-08, 6FaGS1GQ 
29, org.couchdb.user:w-br-01-c-09, w-br-01-c-09, nR9gfRd1 
30, org.couchdb.user:w-br-01-c-10, w-br-01-c-10, 6zy7uLUd 
31, org.couchdb.user:w-br-01-c-11, w-br-01-c-11, a1n5phWA 
32, org.couchdb.user:w-br-01-c-12, w-br-01-c-12, sd5qd3Ck 
33, org.couchdb.user:w-br-01-c-13, w-br-01-c-13, Cbi9KbDv 
34, org.couchdb.user:w-br-01-c-14, w-br-01-c-14, XLkMhcI0 
35, org.couchdb.user:w-br-01-c-15, w-br-01-c-15, w3KIGAUE 
36, org.couchdb.user:w-br-01-c-16, w-br-01-c-16, Gc1T7X74 
37, org.couchdb.user:w-br-01-c-17, w-br-01-c-17, 8EtSNtbY 
38, org.couchdb.user:w-br-01-c-18, w-br-01-c-18, 0mYTI29l 
39, org.couchdb.user:w-br-01-c-19, w-br-01-c-19, AEJnXFb0 
40, org.couchdb.user:w-br-01-c-20, w-br-01-c-20, eE86mAZg 
41, org.couchdb.user:w-br-01-c-21, w-br-01-c-21, 87V6pjNX 
42, org.couchdb.user:w-br-01-c-22, w-br-01-c-22, mrZ4sR2d 
43, org.couchdb.user:w-br-01-c-23, w-br-01-c-23, 1bFuntto 
44, org.couchdb.user:w-br-01-c-24, w-br-01-c-24, OyWttYk2 
